{"cameraMode":{"drawMode":0,"name":"Shaded","section":"Shading Mode"},"sceneLighting":false,"audioPlay":false,"sceneViewState":{"showFog":false,"showMaterialUpdate":false,"showSkybox":false,"showFlares":false,"showImageEffects":false,"showParticleSystems":false},"in2DMode":false,"pivot":{"x":13.039000511169434,"y":-9.781591415405274,"z":-11.787938117980957},"rotation":{"x":-0.2514418959617615,"y":-0.37323230504989626,"z":0.1058347150683403,"w":-0.8867220878601074},"size":16.12448501586914,"orthographic":true}